dTime [s];measTemp [°C];calcTemp [°C]
0.999;52;26
1.998;52;25.0137
2.997;52;25.0002
3.996;52;25
4.995;52;25
5.99;52;25
6.989;52;25
7.988;52;25
8.987;52;25
9.986;51;25
10.985;51;25
11.984;51;25
12.983;51;25
13.982;51;25
14.981;51;25
15.98;51;25
16.979;51;25
17.978;51;25
18.977;51;25
19.976;51;25
20.975;51;25
21.974;51;25
22.974;51;25
23.973;51;25
24.972;51;25
25.971;51;25
26.97;51;25
27.969;51;25
28.968;51;25
29.967;50;25
30.965;50;25
31.965;50;25
32.964;50;25
33.963;50;25
34.962;50;25
35.961;50;25
36.96;50;25
37.959;50;25
38.958;50;25
39.957;50;25
40.956;50;25
41.951;50;25
42.951;50;25
43.95;50;25
44.949;50;25
45.948;50;25
46.947;50;25
47.946;50;25
48.945;50;25
49.944;49;25
50.943;49;25
51.942;49;25
52.941;49;25
53.94;49;25
54.939;49;25
55.938;49;25
56.937;49;25
57.936;49;25
58.935;49;25
59.934;49;25
60.933;49;25
61.932;49;25
62.931;49;25
63.93;49;25
64.929;50;25
65.928;50;25
66.927;50;25
67.926;49;25
68.925;49;25
69.924;49;25
70.923;49;25
71.922;49;25
72.921;49;25
73.92;49;25
74.919;49;25
75.918;49;25
76.917;49;25
77.916;49;25
78.911;49;25
79.91;49;25
80.909;48;25
81.908;48;25
82.907;48;25
83.906;48;25
84.905;48;25
85.904;48;25
86.903;48;25
87.902;48;25
88.901;48;25
89.9;49;25
90.899;49;25
91.898;49;25
92.897;49;25
93.896;49;25
94.895;49;25
95.894;49;25
96.893;49;25
97.892;49;25
98.891;49;25
99.89;49;25
100.889;49;25
101.888;49;25
102.887;49;25
103.886;49;25
104.885;49;25
105.884;49;25
106.883;49;25
107.882;49;25
108.881;49;25
109.88;49;25
110.879;48;25
111.878;48;25
112.877;48;25
113.872;48;25
114.871;48;25
115.87;48;25
116.869;48;25
117.868;48;25
118.867;48;25
119.866;48;25
120.865;48;25
121.864;48;25
122.863;48;25
123.862;48;25
124.86;48;25
125.86;49;25
126.859;49;25
127.858;49;25
128.857;49;25
129.857;49;25
130.856;48;25
131.855;48;25
132.854;48;25
133.852;48;25
134.852;48;25
135.851;48;25
136.85;48;25
137.849;48;25
138.848;47;25
139.847;47;25
140.846;47;25
141.845;47;25
142.844;47;25
143.843;48;25
144.842;48;25
145.841;48;25
146.84;48;25
147.839;48;25
148.838;48;25
149.833;47;25
150.836;48;25
151.831;47;25
152.83;48;25
153.829;48;25
154.828;48;25
155.827;48;25
156.826;48;25
157.825;48;25
158.824;48;25
159.823;48;25
160.822;48;25
161.821;48;25
162.82;48;25
163.819;48;25
164.818;48;25
165.817;48;25
166.816;48;25
167.815;48;25
168.814;47;25
169.813;47;25
170.812;48;25
171.811;48;25
172.81;48;25
173.809;48;25
174.808;48;25
175.807;48;25
176.806;48;25
177.805;48;25
178.804;48;25
179.803;48;25
180.802;48;25
181.801;48;25
182.8;47;25
183.799;47;25
184.798;47;25
185.793;47;25
186.792;47;25
187.791;48;25
188.79;48;25
190.289;47;25
191.288;47;25
192.287;47;25
193.286;47;25
194.285;47;25
195.284;47;25
196.283;47;25
197.282;47;25
198.281;47;25
199.28;47;25
200.279;47;25
201.278;47;25
202.277;47;25
203.276;47;25
204.275;47;25
205.274;47;25
206.273;47;25
207.272;47;25
208.271;47;25
209.27;47;25
210.269;47;25
211.268;47;25
212.267;47;25
213.266;46;25
214.265;46;25
215.264;46;25
216.263;46;25
217.262;46;25
218.261;46;25
219.26;47;25
220.259;47;25
221.255;47;25
222.254;47;25
223.257;47;25
224.252;47;25
225.251;47;25
226.25;46;25
227.249;46;25
228.248;46;25
229.247;47;25
230.246;47;25
231.245;47;25
232.244;47;25
233.243;47;25
234.242;46;25
235.241;46;25
236.24;46;25
237.239;46;25
238.238;46;25
239.237;46;25
240.236;46;25
241.235;46;25
242.234;46;25
243.233;46;25
244.233;46;25
245.231;46;25
246.23;46;25
247.229;46;25
248.228;46;25
249.227;46;25
250.226;46;25
251.225;46;25
252.224;46;25
253.223;46;25
254.222;46;25
255.221;46;25
256.22;46;25
257.215;46;25
258.214;46;25
259.213;46;25
260.212;46;25
261.211;46;25
262.21;46;25
263.209;46;25
264.212;46;25
265.207;46;25
266.207;46;25
267.206;46;25
268.205;46;25
269.204;46;25
270.204;45;25
271.203;45;25
272.202;45;25
273.201;45;25
274.2;45;25
275.199;45;25
276.198;45;25
277.197;45;25
278.197;45;25
279.196;45;25
280.195;45;25
281.194;45;25
282.194;45;25
283.193;45;25
284.192;45;25
285.191;45;25
286.191;45;25
287.19;45;25
288.189;45;25
289.188;45;25
290.188;45;25
291.187;45;25
292.186;45;25
293.181;45;25
294.18;45;25
295.179;45;25
296.178;45;25
297.177;45;25
298.176;45;25
299.175;45;25
300.174;45;25
301.173;45;25
302.172;45;25
303.171;45;25
304.17;45;25
305.169;45;25
306.169;45;25
307.168;45;25
308.167;45;25
309.166;45;25
310.165;45;25
311.164;45;25
312.163;45;25
313.162;45;25
314.161;45;25
315.16;45;25
316.159;45;25
317.158;45;25
318.157;44;25
319.156;44;25
320.155;44;25
321.154;44;25
322.153;44;25
323.152;44;25
324.151;44;25
325.15;44;25
326.149;45;25
327.148;45;25
328.147;45;25
329.142;45;25
330.141;45;25
331.141;45;25
332.14;45;25
333.139;45;25
334.138;45;25
335.137;45;25
336.136;45;25
337.135;45;25
338.134;45;25
339.133;45;25
340.132;45;25
341.131;45;25
342.13;45;25
343.129;45;25
344.128;45;25
345.127;45;25
346.126;45;25
347.125;45;25
348.124;45;25
349.126;44;25
350.123;44;25
351.126;44;25
352.121;43;25
353.121;43;25
354.121;43;25
355.119;43;25
356.119;43;25
357.117;43;25
358.116;43;25
359.116;44;25
360.115;44;25
361.114;44;25
362.113;44;25
363.112;44;25
364.108;44;25
365.111;44;25
366.11;44;25
367.105;44;25
368.108;43;25
369.103;44;25
370.103;43;25
371.106;43;25
372.105;43;25
373.1;43;25
374.103;43;25
375.103;43;25
376.102;43;25
377.102;43;25
378.097;42;25
379.095;42;25
380.094;42;25
381.093;42;25
382.097;42;25
383.092;42;25
384.095;42;25
385.095;42;25
386.094;42;25
387.089;42;25
388.092;42;25
389.087;42;25
390.086;41;25
391.089;42;25
392.085;42;25
393.084;42;25
394.084;42;25
395.083;42;25
396.082;42;25
397.081;42;25
398.08;42;25
399.079;42;25
400.074;41;25
401.073;41;25
402.071;41;25
403.071;41;25
404.07;41;25
405.069;41;25
406.068;41;25
407.067;41;25
408.066;41;25
409.065;42;25
410.064;41;25
411.064;41;25
412.063;41;25
413.062;41;25
414.062;41;25
415.061;41;25
416.06;41;25
417.059;41;25
418.058;41;25
419.057;42;25
420.056;42;25
421.055;42;25
422.054;42;25
423.053;42;25
424.053;42;25
425.052;42;25
426.051;42;25
427.05;42;25
428.049;41;25
429.048;41;25
430.047;41;25
431.046;41;25
432.045;41;25
433.044;41;25
434.043;41;25
435.042;41;25
436.037;42;25
437.036;41;25
438.035;42;25
439.035;42;25
440.034;41;25
441.033;41;25
442.032;41;25
443.031;41;25
444.03;41;25
445.029;41;25
446.028;41;25
447.027;41;25
448.026;41;25
449.025;41;25
450.025;41;25
451.024;40;25
452.023;41;25
453.022;41;25
454.021;41;25
455.02;41;25
456.019;41;25
457.018;41;25
458.017;41;25
459.016;41;25
460.015;41;25
461.014;40;25
462.013;41;25
463.012;41;25
464.011;40;25
465.01;40;25
466.009;40;25
467.008;40;25
468.007;40;25
469.006;41;25
470.006;41;25
471.005;41;25
472;41;25
472.999;41;25
473.998;41;25
474.997;41;25
475.996;41;25
476.995;41;25
477.994;41;25
478.993;41;25
479.993;41;25
480.991;41;25
481.991;41;25
482.99;40;25
483.989;41;25
484.988;41;25
485.987;41;25
486.986;40;25
487.985;40;25
488.984;40;25
489.983;41;25
490.982;40;25
491.981;40;25
492.98;40;25
493.979;40;25
494.978;40;25
495.977;41;25
496.976;41;25
497.975;41;25
498.974;41;25
499.973;41;25
500.972;41;25
501.971;41;25
502.97;41;25
503.969;41;25
504.968;41;25
505.967;41;25
506.966;40;25
507.961;41;25
508.96;41;25
509.959;41;25
510.958;41;25
511.957;41;25
512.956;41;25
513.955;41;25
514.954;41;25
515.953;41;25
516.954;41;25
517.956;41;25
518.952;41;25
519.951;41;25
520.95;41;25
521.949;41;25
522.949;41;25
523.948;41;25
524.947;41;25
525.946;41;25
526.945;41;25
527.944;41;25
528.943;41;25
529.942;41;25
530.941;41;25
531.94;41;25
532.939;41;25
533.938;41;25
534.937;41;25
535.936;41;25
536.935;41;25
537.934;41;25
538.933;41;25
539.932;41;25
540.931;41;25
541.93;41;25
542.929;41;25
543.924;41;25
544.923;41;25
545.922;41;25
546.921;41;25
547.92;41;25
548.919;41;25
549.918;41;25
550.917;41;25
551.916;41;25
552.915;40;25
553.914;40;25
554.913;40;25
555.912;40;25
556.911;40;25
557.91;40;25
558.91;41;25
559.909;40;25
560.908;41;25
561.907;41;25
562.906;41;25
563.905;40;25
564.904;40;25
565.903;41;25
566.902;40;25
567.901;40;25
568.9;40;25
569.899;40;25
570.898;40;25
571.897;40;25
572.896;40;25
573.895;40;25
574.893;40;25
575.893;40;25
576.892;40;25
577.891;40;25
578.89;41;25
579.885;41;25
580.884;41;25
581.883;41;25
582.882;41;25
583.881;40;25
584.88;41;25
585.879;40;25
586.878;40;25
587.877;40;25
588.876;41;25
589.875;40;25
590.874;40;25
591.873;40;25
592.872;40;25
593.871;40;25
594.87;40;25
595.869;40;25
596.868;40;25
597.867;40;25
598.866;40;25
599.865;40;25
600.864;40;25
601.864;40;25
602.863;40;25
603.862;40;25
604.861;40;25
605.86;40;25
606.859;40;25
607.858;40;25
608.857;40;25
609.856;40;25
610.855;40;25
611.854;40;25
612.853;40;25
613.852;40;25
614.851;40;25
615.846;40;25
616.845;40;25
617.844;40;25
618.843;40;25
619.842;40;25
620.841;40;25
621.84;40;25
622.843;40;25
623.838;40;25
624.837;40;25
625.836;40;25
626.834;40;25
627.834;40;25
628.833;40;25
629.832;40;25
630.831;40;25
631.83;40;25
632.829;40;25
633.828;40;25
634.827;40;25
635.826;40;25
636.825;40;25
637.824;40;25
638.823;40;25
639.822;40;25
640.821;40;25
641.82;40;25
642.819;40;25
643.818;40;25
644.817;40;25
645.816;40;25
646.815;40;25
647.813;40;25
648.813;40;25
649.812;39;25
650.811;39;25
651.806;39;25
652.805;39;25
653.804;39;25
654.804;39;25
655.803;39;25
656.802;39;25
657.8;39;25
658.8;39;25
659.8;39;25
660.799;39;25
661.798;39;25
662.797;40;25
663.796;40;25
664.795;40;25
665.794;40;25
666.793;40;25
667.792;40;25
668.791;40;25
669.791;40;25
670.79;40;25
671.789;40;25
672.788;40;25
673.787;40;25
674.786;40;25
675.785;40;25
676.784;40;25
677.783;39;25
678.781;39;25
679.781;39;25
680.78;39;25
681.779;39;25
682.778;39;25
683.777;39;25
684.776;39;25
685.775;39;25
686.77;39;25
687.769;39;25
688.768;39;25
689.767;39;25
690.766;39;25
691.766;39;25
692.765;39;25
693.764;39;25
694.764;39;25
695.763;39;25
696.762;39;25
697.761;39;25
698.76;39;25
699.758;40;25
700.758;40;25
701.757;39;25
702.756;39;25
703.755;39;25
704.753;39;25
705.753;39;25
706.752;39;25
707.751;39;25
708.75;39;25
709.748;39;25
710.748;39;25
711.747;39;25
712.746;39;25
713.745;39;25
714.744;39;25
715.743;39;25
716.742;39;25
717.741;39;25
718.74;39;25
719.739;39;25
720.737;39;25
721.737;39;25
722.732;39;25
723.731;39;25
724.73;39;25
725.729;39;25
726.728;39;25
727.727;39;25
728.726;39;25
729.725;39;25
730.724;39;25
731.723;39;25
732.722;39;25
733.721;39;25
734.72;39;25
735.719;39;25
736.718;39;25
737.717;39;25
738.716;39;25
739.715;39;25
740.714;39;25
741.713;39;25
742.712;39;25
743.715;39;25
744.71;39;25
745.709;39;25
746.708;39;25
747.707;39;25
748.706;39;25
749.705;39;25
750.704;39;25
751.703;39;25
752.702;39;25
753.701;39;25
754.7;39;25
755.703;39;25
756.698;39;25
757.698;39;25
758.693;38;25
759.692;38;25
760.691;38;25
761.69;38;25
762.689;38;25
763.688;38;25
764.687;38;25
765.686;38;25
766.685;38;25
767.684;38;25
768.683;38;25
769.682;38;25
770.681;38;25
771.68;39;25
772.679;38;25
773.678;39;25
774.677;39;25
775.676;38;25
776.675;38;25
777.674;38;25
778.673;38;25
779.672;39;25
780.671;39;25
781.67;38;25
782.669;38;25
783.668;38;25
784.667;38;25
785.667;39;25
786.666;39;25
787.664;39;25
788.664;39;25
789.663;39;25
790.662;39;25
791.661;39;25
792.66;39;25
793.659;39;25
794.654;38;25
795.653;38;25
796.652;38;25
797.651;38;25
798.651;38;25
799.65;38;25
800.649;38;25
801.648;38;25
802.647;38;25
803.646;38;25
804.649;38;25
805.644;38;25
806.643;38;25
807.642;38;25
808.641;38;25
809.64;38;25
810.639;38;25
811.638;38;25
812.637;38;25
813.636;38;25
814.636;38;25
815.635;38;25
816.634;38;25
817.633;38;25
818.632;38;25
819.632;38;25
820.631;38;25
821.63;38;25
822.629;38;25
823.628;38;25
824.627;38;25
825.626;38;25
826.625;38;25
827.624;38;25
828.623;38;25
829.622;38;25
830.617;38;25
831.616;38;25
832.615;38;25
833.614;38;25
834.613;38;25
835.612;38;25
836.611;38;25
837.61;38;25
838.609;38;25
839.608;38;25
840.607;38;25
841.606;38;25
842.605;38;25
843.604;38;25
844.603;38;25
845.602;38;25
846.601;38;25
847.6;38;25
848.599;38;25
849.597;38;25
850.597;38;25
851.596;38;25
852.595;38;25
853.594;38;25
854.593;38;25
855.592;38;25
856.591;38;25
857.59;38;25
858.589;38;25
859.588;38;25
860.587;38;25
861.586;38;25
862.585;38;25
863.584;38;25
864.583;38;25
865.582;38;25
866.577;38;25
867.576;38;25
868.575;38;25
869.574;38;25
870.573;38;25
871.572;38;25
872.571;38;25
873.57;38;25
874.569;38;25
875.568;38;25
876.567;38;25
877.565;38;25
878.564;38;25
879.563;38;25
880.562;38;25
881.561;38;25
882.56;38;25
883.559;38;25
884.558;38;25
885.557;38;25
886.557;38;25
887.556;37;25
888.555;38;25
889.554;38;25
890.553;38;25
891.552;38;25
892.555;38;25
893.55;38;25
894.549;38;25
895.549;38;25
896.548;38;25
897.547;38;25
898.546;38;25
899.545;37;25
900.544;37;25
901.543;37;25
902.538;37;25
903.538;38;25
904.537;38;25
905.536;38;25
906.535;38;25
907.534;38;25
908.533;38;25
909.532;38;25
910.531;37;25
911.529;38;25
912.528;37;25
913.528;37;25
914.527;37;25
915.526;37;25
916.525;37;25
917.524;37;25
918.523;37;25
919.522;37;25
920.521;37;25
921.52;37;25
922.519;37;25
923.518;37;25
924.517;37;25
925.516;37;25
926.515;37;25
927.514;37;25
928.514;37;25
929.513;37;25
930.512;38;25
931.511;38;25
932.509;38;25
933.509;38;25
934.508;38;25
935.507;38;25
936.506;38;25
937.505;38;25
938.5;37;25
939.499;38;25
940.498;37;25
941.497;37;25
942.496;38;25
943.495;37;25
944.494;38;25
945.493;38;25
946.492;37;25
947.491;38;25
948.49;37;25
949.489;37;25
950.488;37;25
951.487;38;25
952.486;37;25
953.485;38;25
954.484;38;25
955.483;37;25
956.482;37;25
957.481;37;25
958.48;37;25
959.479;37;25
960.478;37;25
961.477;37;25
962.476;37;25
963.474;37;25
964.474;37;25
965.473;37;25
966.472;37;25
967.471;37;25
968.47;37;25
969.469;37;25
970.469;36;25
971.468;36;25
972.467;36;25
973.462;36;25
974.461;36;25
975.464;36;25
976.459;36;25
977.458;36;25
978.457;36;25
979.455;35;25
980.455;35;25
981.454;35;25
982.453;35;25
983.452;35;25
984.451;35;25
985.45;35;25
986.449;35;25
987.448;35;25
988.447;35;25
989.446;35;25
990.445;35;25
991.445;35;25
992.444;35;25
993.443;35;25
994.442;35;25
995.441;35;25
996.44;35;25
997.439;35;25
998.438;35;25
999.437;35;25
1000.44;35;25
1001.44;35;25
1002.43;34;25
1003.43;33;25
1004.43;32;25
1005.43;39;25
1006.43;40;25
1007.43;40;25
1008.43;40;25
1009.42;40;25
1010.42;40;25
1011.42;40;25
1012.42;40;25
1013.42;40;25
1014.42;40;25
1015.42;40;25
1016.42;39;25
1017.42;39;25
1018.42;39;25
1019.42;39;25
1020.41;39;25
1021.41;39;25
1022.41;39;25
1023.41;39;25
1024.41;39;25
1025.41;39;25
1026.41;39;25
1027.41;39;25
1028.41;39;25
1029.41;39;25
1030.41;39;25
1031.41;39;25
1032.41;39;25
1033.41;39;25
1034.4;39;25
1035.4;39;25
1036.4;39;25
1037.4;39;25
1038.4;39;25
1039.4;39;25
1040.4;39;25
1041.4;39;25
1042.4;39;25
1043.4;39;25
1044.4;39;25
1045.39;39;25
1046.39;39;25
1047.39;39;25
1048.39;39;25
1049.39;39;25
1050.39;39;25
1051.38;39;25
1052.38;39;25
1053.38;39;25
1054.38;39;25
1055.38;39;25
1056.38;39;25
1057.38;39;25
1058.38;39;25
1059.38;39;25
1060.38;39;25
1061.38;39;25
1062.37;39;25
1063.37;39;25
1064.37;39;25
1065.37;39;25
1066.37;39;25
1067.37;39;25
1068.37;39;25
1069.37;39;25
1070.37;39;25
1071.36;39;25
1072.36;39;25
1073.36;39;25
1074.36;39;25
1075.36;39;25
1076.36;39;25
1077.36;39;25
1078.36;39;25
1079.36;39;25
1080.36;39;25
1081.35;39;25
1082.35;39;25
1083.35;39;25
1084.35;39;25
1085.35;39;25
1086.35;39;25
1087.35;39;25
1088.35;39;25
1089.35;39;25
1090.35;39;25
1091.34;39;25
1092.34;39;25
1093.34;39;25
1094.34;39;25
1095.34;39;25
1096.34;39;25
1097.34;39;25
1098.34;39;25
1099.34;39;25
1100.34;39;25
1101.33;39;25
1102.33;39;25
1103.33;39;25
1104.33;39;25
1105.33;39;25
1106.33;39;25
1107.33;39;25
1108.33;39;25
1109.33;39;25
1110.33;39;25
1111.32;39;25
1112.32;39;25
1113.32;39;25
1114.32;39;25
1115.32;39;25
1116.32;39;25
1117.31;39;25
1118.32;39;25
1119.31;39;25
1120.31;39;25
1121.31;39;25
1122.31;39;25
1123.31;39;25
1124.31;39;25
1125.31;39;25
1126.31;39;25
1127.3;39;25
1128.3;39;25
1129.3;39;25
1130.3;39;25
1131.3;39;25
1132.3;39;25
1133.3;39;25
1134.3;39;25
1135.3;39;25
1136.3;39;25
1137.3;39;25
1138.29;39;25
1139.29;39;25
1140.29;39;25
1141.29;39;25
1142.29;39;25
1143.29;39;25
1144.29;39;25
1145.29;39;25
1146.29;39;25
1147.29;39;25
1148.28;39;25
1149.28;39;25
1150.28;39;25
1151.28;39;25
1152.28;39;25
1153.28;39;25
1154.28;39;25
1155.27;39;25
1156.27;39;25
1157.27;39;25
1158.27;39;25
1159.27;38;25
1160.27;39;25
1161.27;38;25
1162.27;39;25
1163.27;38;25
1164.27;38;25
1165.27;38;25
1166.26;38;25
1167.26;38;25
1168.26;38;25
1169.26;38;25
1170.26;38;25
1171.26;38;25
1172.26;38;25
1173.26;38;25
1174.26;38;25
1175.26;38;25
1176.26;38;25
1177.26;38;25
1178.25;38;25
1179.25;38;25
1180.25;38;25
1181.25;38;25
1182.25;38;25
1183.25;38;25
1184.25;38;25
1185.25;38;25
1186.25;38;25
1187.25;38;25
1188.25;38;25
1189.24;38;25
1190.24;38;25
1191.24;38;25
1192.24;38;25
1193.24;38;25
1194.24;38;25
1195.24;38;25
1196.23;38;25
1197.23;38;25
1198.23;38;25
1199.23;38;25
1200.23;38;25
1201.23;38;25
1202.23;38;25
1203.23;38;25
1204.23;38;25
1205.23;38;25
1206.23;38;25
1207.22;38;25
1208.22;38;25
1209.22;38;25
1210.22;38;25
1211.22;38;25
1212.22;38;25
1213.22;38;25
1214.22;38;25
1215.22;38;25
1216.22;38;25
1217.22;38;25
1218.21;38;25
1219.21;38;25
1220.21;38;25
1221.21;38;25
1222.21;38;25
1223.21;38;25
1224.21;38;25
1225.2;38;25
1226.2;38;25
1227.2;38;25
1228.2;38;25
1229.2;38;25
1230.2;38;25
1231.2;38;25
1232.2;38;25
1233.2;38;25
1234.2;38;25
1235.19;38;25
1236.19;38;25
1237.19;38;25
1238.19;38;25
1239.19;38;25
1240.19;38;25
1241.19;38;25
1242.19;38;25
1243.19;38;25
1244.19;38;25
1245.19;38;25
1246.19;38;25
1247.18;38;25
1248.18;38;25
1249.18;38;25
1250.18;38;25
1251.18;38;25
1252.18;38;25
1253.18;38;25
1254.18;38;25
1255.18;38;25
1256.18;38;25
1257.18;38;25
1258.18;38;25
1259.17;38;25
1260.17;38;25
1261.17;38;25
1262.17;38;25
1263.17;38;25
1264.17;38;25
1265.16;38;25
1266.16;38;25
1267.16;38;25
1268.16;38;25
1269.16;38;25
1270.16;38;25
1271.16;38;25
1272.16;38;25
1273.16;38;25
1274.16;38;25
1275.16;38;25
1276.15;38;25
1277.15;38;25
1278.15;38;25
1279.15;38;25
1280.15;38;25
1281.15;37;25
1282.15;37;25
1283.15;37;25
1284.15;37;25
1285.15;37;25
1286.14;37;25
1287.14;37;25
1288.14;37;25
1289.14;37;25
1290.14;37;25
1291.14;37;25
1292.14;37;25
1293.14;37;25
1294.14;37;25
1295.14;37;25
1296.13;37;25
1297.13;37;25
1298.13;37;25
1299.13;37;25
1300.13;37;25
1301.13;37;25
1302.13;37;25
1303.12;37;25
1304.13;37;25
1305.12;37;25
1306.13;37;25
1307.12;37;25
1308.12;37;25
1309.12;37;25
1310.12;37;25
1311.12;37;25
1312.12;37;25
1313.12;37;25
1314.11;37;25
1315.11;37;25
1316.11;37;25
1317.11;37;25
1318.11;37;25
1319.11;37;25
1320.11;37;25
1321.11;37;25
1322.11;37;25
1323.11;37;25
1324.1;37;25
1325.1;37;25
1326.1;37;25
1327.1;37;25
1328.1;37;25
1329.1;37;25
1330.1;37;25
1331.1;37;25
1332.09;37;25
1333.09;37;25
1334.09;37;25
1335.09;37;25
1336.09;37;25
1337.09;37;25
1338.09;37;25
1339.09;37;25
1340.09;37;25
1341.09;37;25
1342.09;37;25
1343.08;37;25
1344.08;37;25
1345.08;37;25
1346.08;37;25
1347.08;37;25
1348.08;37;25
1349.08;37;25
1350.08;37;25
1351.08;37;25
1352.08;37;25
1353.08;37;25
1354.07;37;25
1355.07;37;25
1356.07;37;25
1357.07;37;25
1358.07;37;25
1359.07;37;25
1360.07;37;25
1361.07;37;25
1362.07;37;25
1363.07;37;25
1364.06;37;25
1365.06;37;25
1366.06;37;25
1367.06;37;25
1368.06;37;25
1369.06;37;25
1370.06;37;25
1371.06;37;25
1372.05;37;25
1373.05;37;25
1374.05;37;25
1375.05;37;25
1376.05;37;25
1377.05;37;25
1378.05;37;25
1379.05;37;25
1380.05;37;25
1381.05;37;25
1382.05;37;25
1383.04;37;25
1384.04;37;25
1385.04;37;25
1386.04;37;25
1387.04;37;25
1388.04;37;25
1389.04;37;25
1390.04;37;25
1391.04;37;25
1392.04;37;25
1393.03;37;25
1394.03;37;25
1395.03;37;25
1396.03;37;25
1397.03;37;25
1398.03;37;25
1399.03;37;25
1400.03;37;25
1401.03;37;25
1402.03;37;25
1403.02;37;25
1404.02;37;25
1405.02;37;25
1406.02;37;25
1407.02;37;25
1408.02;37;25
1409.01;37;25
1410.01;37;25
1411.01;37;25
1412.01;37;25
1413.01;37;25
1414.01;37;25
1415.01;37;25
1416.01;37;25
1417.01;37;25
1418.01;37;25
1419;37;25
1420;37;25
1421;37;25
1422;37;25
1423;37;25
1424;37;25
1425;37;25
1426;37;25
1427;37;25
1428;37;25
1429;37;25
1429.99;37;25
1430.99;37;25
1431.99;37;25
1432.99;37;25
1433.99;37;25
1434.99;37;25
1435.99;37;25
1436.99;37;25
1437.99;37;25
1438.99;37;25
1439.98;37;25
1440.98;37;25
1441.98;37;25
1442.98;37;25
1443.98;37;25
1444.98;37;25
1445.98;37;25
1446.97;37;25
1447.97;37;25
1448.97;37;25
1449.97;37;25
1450.97;37;25
1451.97;37;25
1452.97;37;25
1453.97;37;25
1454.97;37;25
1455.97;37;25
1456.96;37;25
1457.96;37;25
1458.96;37;25
1459.96;37;25
1460.96;37;25
1461.96;37;25
1462.96;37;25
1463.96;37;25
1464.96;36;25
1465.96;36;25
1466.96;37;25
1467.95;36;25
1468.95;36;25
1469.95;36;25
1470.95;36;25
1471.95;36;25
1472.95;36;25
1473.95;36;25
1474.95;36;25
1475.94;36;25
1476.94;36;25
1477.94;36;25
1478.94;36;25
1479.94;36;25
1480.94;36;25
1481.94;36;25
1482.94;36;25
1483.94;36;25
1484.93;36;25
1485.93;36;25
1486.93;36;25
1487.93;36;25
1488.93;36;25
1489.93;36;25
1490.93;36;25
1491.93;36;25
1492.93;36;25
1493.93;36;25
1494.92;36;25
1495.92;36;25
1496.92;36;25
1497.92;36;25
1498.92;36;25
1499.92;36;25
1500.92;36;25
1501.92;36;25
1502.92;36;25
1503.92;36;25
1504.91;36;25
1505.91;36;25
1506.91;36;25
1507.91;36;25
1508.91;36;25
1509.91;36;25
1510.91;36;25
1511.9;36;25
1512.9;36;25
1513.9;36;25
1514.9;36;25
1515.9;36;25
1516.9;36;25
1517.9;36;25
1518.9;36;25
1519.9;36;25
1520.89;36;25
1521.89;36;25
1522.89;36;25
1523.89;36;25
1524.89;36;25
1525.89;36;25
1526.89;36;25
1527.89;36;25
1528.89;36;25
1529.89;36;25
1530.88;36;25
1531.88;36;25
1532.88;36;25
1533.88;36;25
1534.88;36;25
1535.88;36;25
1536.88;36;25
1537.88;36;25
1538.88;36;25
1539.88;36;25
1540.88;36;25
1541.88;36;25
1542.87;36;25
1543.87;36;25
1544.87;36;25
1545.87;36;25
1546.87;36;25
1547.87;36;25
1548.86;36;25
1549.86;36;25
1550.86;36;25
1551.86;36;25
1552.86;36;25
1553.86;36;25
1554.86;36;25
1555.86;36;25
1556.86;36;25
1557.85;36;25
1558.85;36;25
1559.86;36;25
1560.85;36;25
1561.85;36;25
1562.85;36;25
1563.85;36;25
1564.85;36;25
1565.85;36;25
1566.85;36;25
1567.84;36;25
1568.84;36;25
1569.84;36;25
1570.84;36;25
1571.84;36;25
1572.84;36;25
1573.84;36;25
1574.84;36;25
1575.84;36;25
1576.84;36;25
1577.83;36;25
1578.83;36;25
1579.83;36;25
1580.83;36;25
1581.83;36;25
1582.83;36;25
1583.82;36;25
1584.82;36;25
1585.82;36;25
1586.82;36;25
1587.82;36;25
1588.82;36;25
1589.82;36;25
1590.82;36;25
1591.82;36;25
1592.82;36;25
1593.82;36;25
1594.81;36;25
1595.81;36;25
1596.81;36;25
1597.81;36;25
1598.81;36;25
1599.81;36;25
1600.81;36;25
1601.81;36;25
1602.81;36;25
1603.81;36;25
1604.81;36;25
1605.81;36;25
1606.8;36;25
1607.8;36;25
1608.8;36;25
1609.8;36;25
1610.8;36;25
1611.8;36;25
1612.8;36;25
1613.8;36;25
1614.8;36;25
1615.79;36;25
1616.79;36;25
1617.79;36;25
1618.79;36;25
1619.79;36;25
1620.79;36;25
1621.78;36;25
1622.78;36;25
1623.78;36;25
1624.78;36;25
1625.78;36;25
1626.78;36;25
1627.78;36;25
1628.78;36;25
1629.78;36;25
1630.78;36;25
1631.77;36;25
1632.77;35;25
1633.77;36;25
1634.77;36;25
1635.77;36;25
1636.77;36;25
1637.77;36;25
1638.77;36;25
1639.77;36;25
1640.77;36;25
1641.77;36;25
1642.76;36;25
1643.76;36;25
1644.76;36;25
1645.76;36;25
1646.76;36;25
1647.76;36;25
1648.76;36;25
1649.76;36;25
1650.76;36;25
1651.76;36;25
1652.76;36;25
1653.76;36;25
1654.75;36;25
1655.75;35;25
1656.75;35;25
1657.75;35;25
1658.75;36;25
1659.75;35;25
1660.74;35;25
1661.74;35;25
1662.74;35;25
1663.74;35;25
1664.74;35;25
1665.74;35;25
1666.74;35;25
1667.74;35;25
1668.74;35;25
1669.74;35;25
1670.73;35;25
1671.73;35;25
1672.73;35;25
1673.73;35;25
1674.73;35;25
1675.73;35;25
1676.73;35;25
1677.73;35;25
1678.73;35;25
1679.73;35;25
1680.72;35;25
1681.72;35;25
1682.72;35;25
1683.72;35;25
1684.72;35;25
1685.72;35;25
1686.72;35;25
1687.72;35;25
1688.72;35;25
1689.72;35;25
1690.71;35;25
1691.71;35;25
1692.71;35;25
1693.71;35;25
1694.71;35;25
1695.71;35;25
1696.71;35;25
1697.7;35;25
1698.7;35;25
1699.7;35;25
1700.7;35;25
1701.7;35;25
1702.7;35;25
1703.7;35;25
1704.7;35;25
1705.7;35;25
1706.7;35;25
1707.7;35;25
1708.69;35;25
1709.69;35;25
1710.69;35;25
1711.69;35;25
1712.69;35;25
1713.69;35;25
1714.69;35;25
1715.69;35;25
1716.69;35;25
1717.69;35;25
1718.69;35;25
1719.69;35;25
1720.68;35;25
1721.68;35;25
1722.68;35;25
1723.68;35;25
1724.68;35;25
1725.68;35;25
1726.68;35;25
1727.67;35;25
1728.67;35;25
1729.67;35;25
1730.67;35;25
1731.67;35;25
1732.67;35;25
1733.67;35;25
1734.67;35;25
1735.67;35;25
1736.67;35;25
1737.67;35;25
1738.66;35;25
1739.66;35;25
1740.66;35;25
1741.66;35;25
1742.66;35;25
1743.66;35;25
1744.66;35;25
1745.66;35;25
1746.66;35;25
1747.66;35;25
1748.65;35;25
1749.65;35;25
1750.65;35;25
1751.65;35;25
1752.65;35;25
1753.65;35;25
1754.65;35;25
1755.65;35;25
1756.65;35;25
1757.65;35;25
1758.64;35;25
1759.64;35;25
1760.64;35;25
1761.64;35;25
1762.64;35;25
1763.64;35;25
1764.64;35;25
1765.64;35;25
1766.63;35;25
1767.63;35;25
1768.63;35;25
1769.63;35;25
1770.63;35;25
1771.63;35;25
1772.63;35;25
1773.63;35;25
1774.63;35;25
1775.63;35;25
1776.62;35;25
1777.62;35;25
1778.62;35;25
1779.62;35;25
1780.62;35;25
1781.62;35;25
1782.62;35;25
1783.62;35;25
1784.62;35;25
1785.62;35;25
1786.62;35;25
1787.61;35;25
1788.61;35;25
1789.61;35;25
1790.61;35;25
1791.61;35;25
1792.61;35;25
1793.61;35;25
1794.61;35;25
1795.61;35;25
1796.61;35;25
1797.6;35;25
1798.6;35;25
1799.6;35;25
1800.6;35;25
1801.6;35;25
1802.6;35;25
1803.59;35;25
1804.59;35;25
1805.59;35;25
1806.59;35;25
1807.59;35;25
1808.59;35;25
1809.59;35;25
1810.59;35;25
1811.59;35;25
1812.59;35;25
1813.59;35;25
1814.58;35;25
1815.58;35;25
1816.58;35;25
1817.58;35;25
1818.58;35;25
1819.58;35;25
1820.58;35;25
1821.58;35;25
1822.58;35;25
1823.58;35;25
1824.58;35;25
1825.57;35;25
1826.57;35;25
1827.57;35;25
1828.57;35;25
1829.57;35;25
1830.57;35;25
1831.57;35;25
1832.57;35;25
1833.57;35;25
1834.56;35;25
1835.56;35;25
1836.56;35;25
1837.56;35;25
1838.56;35;25
1839.56;35;25
1840.56;35;25
1841.56;35;25
1842.56;35;25
1843.56;35;25
1844.55;35;25
1845.56;35;25
1846.55;35;25
1847.55;35;25
1848.55;35;25
1849.55;35;25
1850.55;35;25
1851.55;35;25
1852.55;35;25
1853.55;35;25
1854.54;35;25
1855.54;35;25
1856.54;35;25
1857.54;35;25
1858.54;35;25
1859.54;34;25
1860.54;34;25
1861.54;35;25
1862.54;35;25
1863.54;34;25
1864.54;34;25
1865.53;34;25
1866.53;34;25
1867.53;34;25
1868.53;34;25
1869.53;34;25
1870.53;34;25
1871.52;34;25
1872.53;34;25
1873.52;34;25
1874.53;34;25
1875.52;34;25
1876.52;34;25
1877.52;34;25
1878.52;34;25
1879.52;34;25
1880.52;34;25
1881.51;35;25
1882.51;35;25
1883.51;34;25
1884.51;35;25
1885.51;35;25
1886.51;35;25
1887.51;34;25
1888.51;34;25
1889.51;35;25
1890.51;35;25
1891.5;35;25
1892.5;35;25
1893.5;35;25
1894.5;35;25
1895.5;35;25
1896.5;34;25
1897.5;34;25
1898.5;34;25
1899.5;34;25
1900.5;34;25
1901.5;34;25
1902.5;34;25
1903.49;34;25
1904.49;34;25
1905.49;34;25
1906.49;34;25
1907.49;34;25
1908.49;34;25
1909.49;34;25
1910.48;34;25
1911.48;34;25
1912.48;34;25
1913.48;34;25
1914.48;34;25
1915.48;34;25
1916.48;34;25
1917.48;34;25
1918.48;34;25
1919.48;34;25
1920.47;34;25
1921.47;34;25
1922.47;34;25
1923.47;34;25
1924.47;34;25
1925.47;34;25
1926.47;34;25
1927.47;34;25
1928.47;34;25
1929.47;34;25
1930.46;34;25
1931.46;34;25
1932.46;34;25
1933.46;34;25
1934.46;34;25
1935.46;34;25
1936.46;34;25
1937.46;34;25
1938.46;34;25
1939.46;34;25
1940.46;34;25
1941.45;34;25
1942.45;34;25
1943.45;34;25
1944.45;34;25
1945.45;34;25
1946.45;34;25
1947.45;34;25
1948.44;34;25
1949.44;34;25
1950.44;34;25
1951.44;34;25
1952.44;34;25
1953.44;34;25
1954.44;34;25
1955.44;34;25
1956.44;34;25
1957.44;34;25
1958.43;34;25
1959.43;34;25
1960.43;34;25
1961.43;34;25
1962.43;34;25
1963.43;34;25
1964.43;34;25
1965.43;34;25
1966.43;34;25
1967.43;34;25
1968.42;34;25
1969.42;34;25
1970.42;34;25
1971.42;34;25
1972.42;34;25
1973.42;34;25
1974.42;34;25
1975.42;34;25
1976.42;34;25
1977.41;34;25
1978.41;34;25
1979.41;34;25
1980.41;34;25
1981.41;34;25
1982.41;34;25
1983.41;34;25
1984.4;34;25
1985.4;34;25
1986.4;34;25
1987.4;34;25
1988.4;34;25
1989.4;34;25
1990.4;34;25
1991.4;34;25
1992.4;34;25
1993.4;34;25
1994.39;34;25
1995.39;34;25
1996.39;34;25
1997.39;34;25
1998.39;34;25
1999.39;34;25
2000.39;34;25
2001.39;34;25
2002.39;34;25
2003.39;34;25
2004.39;34;25
2005.38;34;25
2006.38;34;25
2007.38;34;25
2008.38;34;25
2009.38;34;25
2010.38;34;25
2011.38;34;25
2012.38;34;25
2013.37;34;25
2014.37;34;25
2015.37;34;25
2016.37;34;25
2017.37;34;25
2018.37;34;25
2019.37;34;25
2020.37;34;25
2021.36;34;25
2022.36;34;25
2023.36;34;25
2024.36;34;25
2025.36;34;25
2026.36;34;25
2027.36;34;25
2028.36;34;25
2029.36;34;25
2030.36;34;25
2031.35;34;25
2032.35;34;25
2033.35;34;25
2034.35;34;25
2035.35;34;25
2036.35;34;25
2037.35;34;25
2038.35;34;25
2039.35;34;25
2040.34;34;25
2041.34;34;25
2042.34;34;25
2043.34;34;25
2044.34;34;25
2045.34;34;25
2046.34;34;25
2047.34;34;25
2048.34;34;25
2049.33;34;25
2050.33;34;25
2051.33;34;25
2052.33;34;25
2053.33;34;25
2054.33;34;25
2055.33;34;25
2056.33;34;25
2057.32;34;25
2058.32;34;25
2059.32;34;25
2060.33;34;25
2061.32;34;25
2062.32;34;25
2063.32;34;25
2064.32;34;25
2065.32;34;25
2066.32;34;25
2067.31;34;25
2068.31;34;25
2069.32;34;25
2070.31;34;25
2071.31;34;25
2072.31;34;25
2073.31;34;25
2074.31;34;25
2075.31;34;25
2076.31;34;25
2077.3;34;25
2078.3;34;25
2079.3;34;25
2080.3;34;25
2081.3;34;25
2082.3;34;25
2083.3;34;25
2084.3;34;25
2085.29;34;25
2086.29;34;25
2087.29;34;25
2088.29;34;25
2089.29;34;25
2090.29;34;25
2091.29;34;25
2092.29;34;25
2093.28;34;25
2094.28;34;25
2095.28;34;25
2096.28;34;25
2097.28;34;25
2098.28;34;25
2099.28;33;25
2100.28;34;25
2101.28;34;25
2102.28;34;25
2103.28;33;25
2104.28;33;25
2105.27;33;25
2106.27;33;25
2107.27;33;25
2108.27;33;25
2109.27;33;25
2110.27;33;25
2111.27;33;25
2112.27;33;25
2113.27;33;25
2114.27;33;25
2115.27;33;25
2116.26;33;25
2117.26;33;25
2118.26;33;25
2119.26;33;25
2120.26;33;25
2121.26;33;25
2122.26;33;25
2123.26;33;25
2124.25;33;25
2125.25;33;25
2126.25;33;25
2127.25;33;25
2128.25;33;25
2129.25;33;25
2130.25;33;25
2131.25;33;25
2132.25;33;25
2133.25;33;25
2134.24;33;25
2135.24;33;25
2136.24;33;25
2137.24;33;25
2138.24;33;25
2139.24;33;25
2140.24;33;25
2141.24;33;25
2142.24;33;25
2143.24;33;25
2144.23;34;25
2145.23;34;25
2146.23;34;25
2147.23;34;25
2148.23;34;25
2149.23;34;25
2150.23;34;25
2151.23;34;25
2152.23;34;25
2153.23;34;25
2154.23;34;25
2155.22;34;25
2156.22;34;25
2157.22;34;25
2158.22;34;25
2159.22;34;25
2160.22;34;25
2161.22;34;25
2162.21;34;25
2163.21;34;25
2164.21;34;25
2165.21;34;25
2166.21;34;25
2167.21;34;25
2168.21;34;25
2169.21;34;25
2170.21;34;25
2171.21;34;25
2172.2;34;25
2173.2;34;25
2174.2;34;25
2175.2;34;25
2176.2;34;25
2177.2;34;25
2178.2;34;25
2179.2;34;25
2180.2;34;25
2181.2;34;25
2182.2;34;25
2183.19;34;25
2184.19;34;25
2185.19;34;25
2186.19;34;25
2187.19;34;25
2188.19;34;25
2189.19;34;25
2190.19;34;25
2191.19;34;25
2192.18;34;25
2193.18;34;25
2194.18;34;25
2195.18;34;25
2196.18;34;25
2197.18;34;25
2198.18;34;25
2199.18;34;25
2200.17;34;25
2201.17;34;25
2202.17;34;25
2203.17;34;25
2204.17;34;25
2205.17;34;25
2206.17;34;25
2207.17;34;25
2208.17;33;25
2209.17;33;25
2210.17;34;25
2211.16;33;25
2212.16;33;25
2213.16;33;25
2214.16;33;25
2215.16;33;25
2216.16;33;25
2217.16;33;25
2218.16;33;25
2219.16;33;25
2220.16;33;25
2221.15;33;25
2222.15;33;25
2223.15;33;25
2224.15;33;25
2225.15;33;25
2226.15;33;25
2227.15;33;25
2228.14;33;25
2229.14;33;25
2230.14;33;25
2231.14;33;25
2232.14;33;25
2233.14;33;25
2234.14;33;25
2235.14;33;25
2236.14;33;25
2237.13;33;25
2238.13;33;25
2239.13;33;25
2240.13;33;25
2241.13;33;25
2242.13;33;25
2243.13;33;25
2244.13;33;25
2245.13;33;25
2246.13;33;25
2247.12;33;25
2248.12;33;25
2249.12;33;25
2250.12;33;25
2251.13;33;25
2252.12;33;25
2253.12;33;25
2254.12;33;25
2255.12;33;25
2256.12;33;25
2257.12;33;25
2258.11;33;25
2259.11;33;25
2260.11;33;25
2261.11;33;25
2262.11;33;25
2263.11;33;25
2264.11;33;25
2265.11;33;25
2266.1;33;25
2267.1;33;25
2268.1;33;25
2269.1;33;25
2270.1;33;25
2271.1;33;25
2272.1;33;25
2273.1;33;25
2274.09;33;25
2275.1;33;25
2276.09;33;25
2277.09;33;25
2278.09;33;25
2279.09;33;25
2280.09;33;25
2281.09;33;25
2282.09;33;25
2283.09;33;25
2284.09;33;25
2285.09;33;25
2286.08;33;25
2287.08;33;25
2288.08;33;25
2289.08;33;25
2290.08;33;25
2291.08;33;25
2292.08;33;25
2293.08;33;25
2294.08;33;25
2295.08;33;25
2296.07;33;25
2297.07;33;25
2298.07;33;25
2299.07;33;25
2300.06;33;25
2301.07;33;25
2302.06;33;25
2303.06;33;25
2304.06;33;25
2305.06;33;25
2306.06;33;25
2307.06;33;25
2308.06;33;25
2309.06;33;25
2310.06;33;25
2311.06;33;25
2312.06;33;25
2313.05;33;25
2314.05;33;25
2315.05;33;25
2316.05;33;25
2317.05;33;25
2318.05;33;25
2319.05;33;25
2320.05;33;25
2321.05;33;25
2322.05;33;25
2323.05;33;25
2324.05;33;25
2325.05;33;25
2326.04;33;25
2327.05;33;25
2328.04;33;25
2329.04;33;25
2330.04;33;25
2331.04;33;25
2332.04;33;25
2333.05;33;25
2334.04;33;25
2335.04;33;25
2336.04;33;25
2337.04;33;25
2338.03;33;25
2339.03;33;25
2340.04;33;25
2341.04;33;25
2342.03;33;25
2343.03;33;25
2344.03;33;25
2345.03;33;25
2346.03;33;25
2347.03;33;25
2348.03;33;25
2349.03;33;25
2350.03;33;25
2351.03;33;25
2352.03;33;25
2353.02;33;25
2354.03;33;25
2355.02;33;25
2356.02;33;25
2357.02;33;25
2358.02;33;25
2359.02;33;25
2360.02;33;25
2361.02;33;25
2362.02;33;25
2363.02;33;25
2364.02;33;25
2365.01;33;25
2366.01;33;25
2367.01;33;25
2368.01;33;25
2369.01;33;25
2370.01;33;25
2371;33;25
2372;33;25
2373;33;25
2374;33;25
2375;33;25
2376;33;25
2377;33;25
2378;33;25
2379;33;25
2380;33;25
2380.99;33;25
2381.99;33;25
2383;33;25
2383.99;33;25
2384.99;33;25
2385.99;33;25
2386.99;33;25
2387.99;33;25
2388.99;33;25
2389.99;33;25
2390.99;33;25
2391.99;33;25
2392.99;33;25
2393.99;33;25
2394.99;33;25
2395.99;33;25
2396.98;33;25
2397.98;33;25
2398.98;33;25
2399.98;33;25
2400.98;33;25
2401.98;33;25
2402.98;33;25
2403.98;33;25
2404.98;33;25
2405.98;33;25
2406.97;33;25
2407.97;33;25
2408.97;33;25
2409.97;33;25
2410.97;33;25
2411.97;33;25
2412.97;33;25
2413.96;33;25
2414.96;33;25
2415.96;33;25
2416.96;33;25
2417.96;33;25
2418.96;33;25
2419.96;33;25
2420.96;33;25
2421.96;33;25
2422.96;33;25
2423.96;33;25
2424.96;33;25
2425.96;33;25
2426.95;33;25
2427.95;33;25
2428.95;33;25
2429.95;33;25
2430.95;33;25
2431.95;33;25
2432.95;33;25
2433.95;33;25
2434.95;33;25
2435.95;33;25
2436.94;33;25
2437.94;33;25
2438.94;33;25
2439.94;33;25
2440.94;33;25
2441.94;33;25
2442.94;33;25
2443.94;33;25
2444.93;33;25
2445.93;33;25
2446.93;33;25
2447.93;33;25
2448.93;33;25
2449.93;33;25
2450.93;33;25
2451.93;33;25
2452.93;33;25
2453.93;33;25
2454.92;33;25
2455.92;33;25
2456.93;33;25
2457.92;33;25
2458.92;33;25
2459.92;33;25
2460.92;33;25
2461.92;33;25
2462.92;33;25
2463.92;33;25
2464.92;33;25
2465.92;33;25
2466.91;33;25
2467.92;33;25
2468.91;33;25
2469.91;33;25
2470.91;33;25
2471.91;33;25
2472.91;32;25
2473.91;33;25
2474.91;33;25
2475.91;33;25
2476.91;33;25
2477.9;32;25
2478.9;33;25
2479.9;32;25
2480.9;33;25
2481.9;32;25
2482.9;32;25
2483.9;32;25
2484.9;32;25
2485.89;32;25
2486.89;32;25
2487.9;32;25
2488.89;33;25
2489.89;32;25
2490.89;32;25
2491.89;32;25
2492.89;32;25
2493.89;32;25
2494.89;32;25
2495.89;32;25
2496.89;32;25
2497.88;32;25
2498.88;32;25
2499.88;32;25
2500.88;32;25
2501.88;32;25
2502.88;32;25
2503.88;32;25
2504.88;32;25
2505.88;32;25
2506.88;32;25
2507.88;32;25
2508.87;32;25
2509.87;32;25
2510.87;32;25
2511.87;32;25
2512.87;32;25
2513.87;32;25
2514.87;32;25
2515.87;32;25
2516.87;32;25
2517.86;32;25
2518.86;32;25
2519.86;32;25
2520.86;32;25
2521.86;32;25
2522.86;32;25
2523.86;32;25
2524.86;32;25
2525.86;32;25
2526.86;32;25
2527.86;32;25
2528.86;32;25
2529.85;32;25
2530.85;32;25
2531.85;32;25
2532.85;32;25
2533.85;32;25
2534.85;32;25
2535.85;32;25
2536.85;32;25
2537.85;32;25
2538.85;32;25
2539.84;32;25
2540.84;32;25
2541.84;32;25
2542.84;32;25
2543.84;32;25
2544.84;32;25
2545.84;32;25
2546.84;32;25
2547.84;32;25
2548.84;32;25
2549.83;32;25
2550.83;32;25
2551.83;32;25
2552.83;32;25
2553.83;32;25
2554.83;32;25
2555.83;32;25
2556.82;32;25
2557.82;32;25
2558.82;32;25
2559.82;32;25
2560.82;32;25
2561.82;32;25
2562.82;32;25
2563.82;32;25
2564.82;32;25
2565.82;32;25
2566.81;32;25
2567.81;32;25
2568.81;32;25
2569.81;32;25
2570.81;32;25
2571.81;32;25
2572.81;32;25
2573.81;32;25
2574.81;32;25
2575.81;32;25
2576.81;32;25
2577.8;32;25
2578.8;32;25
2579.8;32;25
2580.8;32;25
2581.8;32;25
2582.8;32;25
2583.8;32;25
2584.8;32;25
2585.79;32;25
2586.79;32;25
2587.79;32;25
2588.79;32;25
2589.79;32;25
2590.79;32;25
2591.79;32;25
2592.78;32;25
2593.79;32;25
2594.79;32;25
2595.78;32;25
2596.78;32;25
2597.78;32;25
2598.78;32;25
2599.78;32;25
2600.78;32;25
2601.78;32;25
2602.78;32;25
2603.78;32;25
2604.78;32;25
2605.78;32;25
2606.77;32;25
2607.77;32;25
2608.77;32;25
2609.77;32;25
2610.77;32;25
2611.77;32;25
2612.77;32;25
2613.77;32;25
2614.77;32;25
2615.77;32;25
2616.76;32;25
2617.76;32;25
2618.76;32;25
2619.76;32;25
2620.76;32;25
2621.76;32;25
2622.76;32;25
2623.75;32;25
2624.76;32;25
2625.76;32;25
2626.76;32;25
2627.75;32;25
2628.75;32;25
2629.75;32;25
2630.75;32;25
2631.75;32;25
2632.75;32;25
2633.75;32;25
2634.75;32;25
2635.75;32;25
2636.75;32;25
2637.75;32;25
2638.75;32;25
2639.75;32;25
2640.75;32;25
2641.75;32;25
2642.75;32;25
2643.74;32;25
2644.74;32;25
2645.74;32;25
2646.74;32;25
2647.74;32;25
2648.74;32;25
2649.74;32;25
2650.74;32;25
2651.74;32;25
2652.74;32;25
2653.74;32;25
2654.73;32;25
2655.73;32;25
2656.73;32;25
2657.73;32;25
2658.73;32;25
2659.73;32;25
2660.73;32;25
2661.73;32;25
2662.73;32;25
2663.73;32;25
2664.72;32;25
2665.73;32;25
2666.72;32;25
2667.73;32;25
2668.72;32;25
2669.72;32;25
2670.72;32;25
2671.72;32;25
2672.72;32;25
2673.72;32;25
2674.72;32;25
2675.72;32;25
2676.72;32;25
2677.71;32;25
2678.71;32;25
2679.71;32;25
2680.71;32;25
2681.71;32;25
2682.71;32;25
2683.71;32;25
2684.71;32;25
2685.71;32;25
2686.71;32;25
2687.71;32;25
2688.7;32;25
2689.7;32;25
2690.7;32;25
2691.7;32;25
2692.7;32;25
2693.7;32;25
2694.7;32;25
2695.7;32;25
2696.69;32;25
2697.69;32;25
2698.69;32;25
2699.69;32;25
2700.69;32;25
2701.69;32;25
2702.69;32;25
2703.69;32;25
2704.69;32;25
2705.69;32;25
2706.68;32;25
2707.68;32;25
2708.68;32;25
2709.68;32;25
2710.68;32;25
2711.68;32;25
2712.68;32;25
2713.68;32;25
2714.68;32;25
2715.68;32;25
2716.67;32;25
2717.67;32;25
2718.67;32;25
2719.67;32;25
2720.67;32;25
2721.67;32;25
2722.67;32;25
2723.67;32;25
2724.67;32;25
2725.67;32;25
2726.66;32;25
2727.66;32;25
2728.66;32;25
2729.66;32;25
2730.66;32;25
2731.66;32;25
2732.66;32;25
2733.65;32;25
2734.65;32;25
2735.65;32;25
2736.65;32;25
2737.65;32;25
2738.65;32;25
2739.65;32;25
2740.65;32;25
2741.65;32;25
2742.65;32;25
2743.65;32;25
2744.65;32;25
2745.64;32;25
2746.64;32;25
2747.64;32;25
2748.64;32;25
2749.64;32;25
2750.64;32;25
2751.64;32;25
2752.64;32;25
2753.64;32;25
2754.64;32;25
2755.64;32;25
2756.63;32;25
2757.63;32;25
2758.63;32;25
2759.63;32;25
2760.63;32;25
2761.63;32;25
2762.63;32;25
2763.63;32;25
2764.62;32;25
2765.62;32;25
2766.62;32;25
2767.62;32;25
2768.62;32;25
2769.62;32;25
2770.62;32;25
2771.62;32;25
2772.62;32;25
2773.62;32;25
2774.61;32;25
2775.61;32;25
2776.61;32;25
2777.61;32;25
2778.61;32;25
2779.61;32;25
2780.61;32;25
2781.61;32;25
2782.61;32;25
2783.61;32;25
2784.6;32;25
2785.6;32;25
2786.6;32;25
2787.6;32;25
2788.6;32;25
2789.6;32;25
2790.6;32;25
2791.6;32;25
2792.6;32;25
2793.59;32;25
2794.6;32;25
2795.59;32;25
2796.59;32;25
2797.59;32;25
2798.59;32;25
2799.59;32;25
2800.59;32;25
2801.58;32;25
2802.58;32;25
2803.58;32;25
2804.58;32;25
2805.58;32;25
2806.58;32;25
2807.58;31;25
2808.58;32;25
2809.58;32;25
2810.58;31;25
2811.57;32;25
2812.57;32;25
2813.57;31;25
2814.57;32;25
2815.57;32;25
2816.57;32;25
2817.57;32;25
2818.57;32;25
2819.57;32;25
2820.57;32;25
2821.57;31;25
2822.57;32;25
2823.56;31;25
2824.56;31;25
2825.56;31;25
2826.56;31;25
2827.56;31;25
2828.56;31;25
2829.56;31;25
2830.56;31;25
2831.56;31;25
2832.56;32;25
2833.56;31;25
2834.55;31;25
2835.55;31;25
2836.55;31;25
2837.55;31;25
2838.55;31;25
2839.55;31;25
2840.54;31;25
2841.54;32;25
2842.54;31;25
2843.54;31;25
2844.54;31;25
2845.54;31;25
2846.54;31;25
2847.54;31;25
2848.54;31;25
2849.54;31;25
2850.54;31;25
2851.54;31;25
2852.53;31;25
2853.54;31;25
2854.53;31;25
2855.54;31;25
2856.53;31;25
2857.53;31;25
2858.53;31;25
2859.53;31;25
2860.53;31;25
2861.53;31;25
2862.53;31;25
2863.53;31;25
2864.52;31;25
2865.52;31;25
2866.52;31;25
2867.52;31;25
2868.52;31;25
2869.52;31;25
2870.52;31;25
2871.52;31;25
2872.52;31;25
2873.52;31;25
2874.52;31;25
2875.51;31;25
2877.01;31;25
2878.01;31;25
2879.01;31;25
2880.01;31;25
2881.01;31;25
2882.01;31;25
2883.01;31;25
2884.01;31;25
2885.01;31;25
2886;31;25
2887;31;25
2888;31;25
2889;31;25
2890;31;25
2891;31;25
2892;31;25
2893;31;25
2894;31;25
2895;31;25
2896;31;25
2897;31;25
2897.99;31;25
2898.99;31;25
2899.99;31;25
2900.99;31;25
2901.99;31;25
2902.99;31;25
2903.99;31;25
2904.99;31;25
2905.99;31;25
2906.98;31;25
2907.99;31;25
2908.99;31;25
2909.98;31;25
2910.98;31;25
2911.98;31;25
2912.98;31;25
2913.98;31;25
2914.98;31;25
2915.98;31;25
2916.98;31;25
2917.97;31;25
2918.98;31;25
2919.97;31;25
2920.97;31;25
2921.97;31;25
2922.97;31;25
2923.97;31;25
2924.97;31;25
2925.97;31;25
2926.97;31;25
2927.97;31;25
2928.97;31;25
2929.97;31;25
2930.96;31;25
2931.96;31;25
2932.96;31;25
2933.96;31;25
2934.96;31;25
2935.96;31;25
2936.96;31;25
2937.96;31;25
2938.96;31;25
2939.96;31;25
2940.96;31;25
2941.96;31;25
2942.95;31;25
2943.95;31;25
2944.95;31;25
2945.95;31;25
2946.95;31;25
2947.95;31;25
2948.95;31;25
2949.95;31;25
2950.95;31;25
